oid,nombre
1,Bradtke And Sons
2,Stracke-Mayer
3,Waters Group
4,Lueilwitz Inc
5,Bailey-Crist
6,Marquardt
7,Brekke-Kihn
8,"Kub, Mante And Lebsack"
9,Zboncak-Mraz
10,Daniel
11,"Torphy, Adams And Walter"
12,Pagac And Sons
13,Rath Inc
14,Lebsack-Senger
15,Frami
16,"Strosin, Frami And Kuhic"
17,Hayes And Sons
18,Legros Group
19,"Homenick, Sipes And Carter"
20,Dooley-Runolfsson
21,Rohan And Sons
22,Hettinger-Lynch
23,Nicolas Group
24,Gusikowski Inc
25,Rosenbaum-Brekke
26,"Beer, Zieme And Huels"
27,Gorczany-Nienow
28,"Powlowski, Kohler And Deckow"
29,"Buckridge, Okuneva And Keebler"
30,Reinger And Sons
31,Zieme-Metz
32,Torphy Inc
33,Murazik
34,Denesik And Sons
35,"Cruickshank, Nienow And Abbott"
36,"Shields, Wintheiser And Boyle"
37,Bartoletti-Dickinson
38,Shields
39,"Hayes, Huel And Keebler"
40,Schimmel-Mcglynn
41,Johnston Group
42,"Grady, Mitchell And Lindgren"
43,Gutkowski
44,África Esperanza
45,"Halvorson, Jacobson And Ward"
46,Adecoi
47,"Hickle, Beatty And Gleichner"
48,Dibbert-Shields
49,Afalcontigo
50,"Altenwerth, Abernathy And Kuvalis"
51,Cassin-Mayer
52,"Mante, Bode And Wiegand"
53,"Kuhn, Sawayn And Welch"
54,Pouros And Sons
55,Terry Group
56,"Funk, Turcotte And Jenkins"
57,Adavas
58,Aecc
59,"Hessel, Predovic And Green"
60,"Lowe, Quitzon And Johnson"
61,Hegmann And Sons
62,"Hilll, Blick And Cartwright"
63,Cole-Olson
64,"Kutch, Cremin And Mcclure"
65,Cruickshank Inc
66,Quitzon Group
67,"Lakin, Smitham And Greenholt"
68,Denesik-Quigley
69,Ullrich Inc
70,Braun-Simonis
71,Kirlin
72,Hauck-Metz
73,"Cassin, Grant And Pfannerstill"
74,Green-Cruickshank
75,Braun-Eichmann
76,"Shields, Grant And Bernier"
77,"Watsica, Spencer And Weissnat"
78,"Kuhlman, Denesik And King"
79,"Pollich, Nikolaus And Gottlieb"
80,"Green, Towne And Baumbach"
81,Stark Inc
82,"Runte, Baumbach And Runte"
83,Lind-Kuphal
84,Mcclure
85,Senger-Bogisich
86,Lehner-Stanton
87,Dicki-Schaden
88,Simonis-Torphy
89,Schmitt
90,"Kling, Effertz And Anderson"
91,Schiller Inc
92,Kovacek-Dietrich
93,"Moore, Kub And Murazik"
94,"Predovic, O'Conner And Gutkowski"
95,Moore-Lueilwitz
96,"Crona, Olson And Abbott"
97,O'Keefe-Zulauf
98,Von-Grady
99,Bednar-Buckridge
100,Dickens
101,Bartell Inc
102,D'Amore
103,"Schaden, Cronin And Bernier"
104,Zieme And Sons
105,Hirthe
106,Kozey-Stoltenberg
107,Hand And Sons
108,Wisozk-Bernier
109,"Pfeffer, Durgan And Hayes"
110,Hirthe Group
111,Koepp Group
112,"Murray, Monahan And Hilll"
113,Macejkovic-Haag
114,Murphy-Yundt
115,Corkery
116,Sawayn Inc
117,"Rosenbaum, Lind And Koss"
118,"Grady, Hermann And Streich"
119,Feil-Nikolaus
120,Wintheiser
121,"Mckenzie, Lynch And Reinger"
122,"Torphy, Marquardt And Oberbrunner"
123,Durgan And Sons
124,"Weber, Rippin And Krajcik"
125,Schimmel Inc
126,Crona
127,Hills-Quitzon
128,"Mann, Howell And Shields"
129,Kuhlman-Bernhard
130,Borer-Trantow
131,Rolfson-Bashirian
132,"Mckenzie, Cummings And Rippin"
133,Dach Inc
134,Koepp
135,"Torp, Bruen And Douglas"
136,Quitzon-Stark
137,Afrikable Ongd
138,Mann-Schinner
139,"Walker, Paucek And Beer"
140,Boehm-Luettgen
141,"Jerde, Veum And Orn"
142,"Nader, Dietrich And Frami"
143,Adega
144,"Fay, Simonis And Morar"
145,Kilback Inc
146,"Simonis, Roberts And Frami"
147,"Upton, Kshlerin And Borer"
148,"Lang, Kohler And Dietrich"
149,Boehm-Dooley
150,Luettgen-Satterfield
151,Gutkowski Group
152,Adane
153,Marks-Stokes
154,Stracke And Sons
155,Lueilwitz
156,Walsh
157,Schuster
158,Konopelski And Sons
159,Bayer-Bashirian
160,Kub Group
161,"Auer, Bogisich And Jacobson"
162,Brekke-Crist
163,Johnson And Sons
164,Schneider Inc
165,Harvey And Sons
166,Kohler And Sons
167,Barrows-Sauer
168,Cremin-Hodkiewicz
169,D'Amore Group
170,Durgan
171,Kuphal And Sons
172,"Kohler, Harris And Weissnat"
173,Roob
174,Tromp
175,"Yost, Mayer And Stokes"
176,Mckenzie Inc
177,Rowe-Wisoky
178,Sporer Inc
179,Dicki
180,Ledner-Hoppe
181,"Larson, Franecki And Macejkovic"
182,"Dooley, Jerde And Kshlerin"
183,"Keeling, Collins And Yost"
184,"Kiehn, Lueilwitz And Schimmel"
185,Bartoletti-Kunde
186,Gulgowski Inc
187,"Schmeler, Carroll And Schaden"
188,Simonis Group
189,"Keeling, Bruen And Greenholt"
190,Raynor
191,Rosenbaum-Leffler
192,O'Conner Inc
193,Bosco-Kuhn
194,"Wehner, Schneider And Frami"
195,"Boyle, Walsh And Blanda"
196,"Cronin, Welch And Rippin"
197,Hilll-Lemke
198,Kertzmann Group
199,"Cassin, Rempel And Koelpin"
200,Rosenbaum-Cole
201,Kautzer
202,"Abbott, Torp And Mcdermott"
203,Anderson-Orn
204,Adela Eh
205,Stark
206,Dickinson
207,Harber Inc
208,"Lesch, Rath And Pfannerstill"
209,Hettinger-Nolan
210,Okuneva Inc
211,Koch-Schneider
212,Roob-Nicolas
213,Jenkins-Kemmer
214,Schoen And Sons
215,Osinski-Kunze
216,Paucek Group
217,Flatley Group
218,Klein Group
219,"Lebsack, Conn And Kulas"
220,Heidenreich Inc
221,Jacobi-Bergnaum
222,Johnston-Rath
223,Lind-Schuppe
224,Willms-Jacobson
225,"Botsford, Wuckert And Volkman"
226,Koss Group
227,"Koch, Feil And Spencer"
228,"Goldner, Kertzmann And Paucek"
229,Upton-O'Keefe
230,"Mante, Ferry And Corwin"
231,"Kautzer, Streich And Vandervort"
232,"Casper, Hayes And Oberbrunner"
233,"Wolff, Russel And Ankunding"
234,Nader-Kutch
235,Schiller-Mitchell
236,"Cummerata, Gutmann And Gaylord"
237,Ebert-Pollich
238,Fritsch Group
239,Purdy And Sons
240,Hintz-Donnelly
241,Streich Group
242,Doyle-Jenkins
243,Cole-Reilly
244,"Ledner, Skiles And Emard"
245,"Mcclure, Klocko And Wyman"
246,"Wilkinson, Prosacco And Kilback"
247,"Heidenreich, Boyer And Dach"
248,Hammes-Conn
249,Towne-Hamill
250,"Kling, Donnelly And Blanda"
251,Wilkinson-Schmidt
252,"Corkery, Roberts And Leffler"
253,"Gutmann, Schamberger And Witting"
254,Jones-Kemmer
255,Dibbert And Sons
256,"Pouros, Bradtke And Monahan"
257,Thiel Group
258,Boyer Inc
259,Lakin-Osinski
260,"Torp, Schmitt And Kemmer"
261,Smitham And Sons
262,Marvin-Kautzer
263,Conn-Jones
264,Williamson-Littel
265,Satterfield And Sons
266,"Altenwerth, Ebert And Mitchell"
267,Waelchi Inc
268,Rosenbaum And Sons
269,Monahan-Grimes
270,Runolfsdottir And Sons
271,Champlin-Bauch
272,Halvorson
273,Jerde-Bauch
274,"Lubowitz, Weimann And Lemke"
275,"Paucek, Mclaughlin And Green"
276,Funk And Sons
277,Wunsch-Larson
278,Mertz Inc
279,Watsica-Hauck
280,Schaden-Gleichner
281,"Reynolds, Dare And Barrows"
282,Connelly-Maggio
283,Franecki Group
284,Friesen-Pfeffer
285,Prohaska-Lueilwitz
286,Pouros Group
287,"O'Reilly, Romaguera And Bode"
288,"Pagac, Huel And Abshire"
289,Zieme-O'Reilly
290,Conn
291,Predovic
292,Kerluke-Yundt
293,"Mcdermott, Bernier And White"
294,Berge And Sons
295,"Johns, Wisozk And Johnson"
296,Afac
297,Abbott
298,Wilderman-Leannon
299,Little-Murazik
300,"Steuber, Rutherford And Upton"
301,Lubowitz-Stroman
302,Bosco-Lockman
303,"Lindgren, Barrows And Goodwin"
304,Rogahn-Leannon
305,Franecki
306,"Erdman, Braun And Runolfsson"
307,Nolan Inc
308,Hudson
309,"Haag, Beatty And Walker"
310,Reinger-Bosco
311,Jenkins Group
312,Bosco-Kiehn
313,"Macejkovic, Barrows And Kshlerin"
314,Legros-Price
315,Mcglynn
316,Koelpin-Hand
317,Schumm And Sons
318,Smith-Schowalter
319,"Bins, Ortiz And Bogan"
320,Bradtke-Wilkinson
321,Fadel Group
322,Aesco
323,Kuhlman Group
324,Dickens-Klein
325,"Deckow, Cassin And Dooley"
326,"Bauch, Ernser And Cronin"
327,Mayert-Nader
328,Kuhic Inc
329,"Gerlach, Fritsch And Rippin"
330,"Reilly, Veum And Wehner"
331,"Zemlak, Thompson And Schuppe"
332,"Konopelski, Hermann And Ziemann"
333,Pacocha-Heller
334,Volkman-Conn
335,"Nicolas, Smitham And Wilderman"
336,Hoeger
337,"Heller, Lubowitz And Dach"
338,Bednar-Flatley
339,Kuhn-Greenholt
340,"Waters, Batz And Dickinson"
341,Boehm
342,Gutmann-Feest
343,Trantow-Quigley
344,"Rice, Ondricka And Block"
345,Schuppe And Sons
346,Goyette Inc
347,Zboncak And Sons
348,Raynor-Oberbrunner
349,"Lynch, Feest And Eichmann"
350,Casper-Jacobson
351,Runolfsson-Morar
352,"Cartwright, Kulas And Fahey"
353,Hettinger-Kuhic
354,Murray-Senger
355,Afimu
356,"Rippin, Huel And Mccullough"
357,Maggio-Kuvalis
358,Gutkowski-Bartoletti
359,"Kuhlman, Bashirian And Abbott"
360,Lubowitz Group
361,"Koelpin, Stehr And Senger"
362,"Rolfson, Koch And Osinski"
363,Wolf-Boehm
364,"Jacobs, Bechtelar And Skiles"
365,"Gorczany, Lindgren And Smitham"
366,"Muller, Reichert And Grimes"
367,Stracke Group
368,Reichert And Sons
369,"Cole, Reichert And Halvorson"
370,"Pfannerstill, Powlowski And Kreiger"
371,"Champlin, O'Reilly And O'Keefe"
372,"Kling, Barrows And Rau"
373,"Heaney, Feest And Murphy"
374,"Bruen, Kulas And Hodkiewicz"
375,Hilpert
376,"Olson, Thompson And Fritsch"
377,Carter-Mueller
378,Roberts Group
379,"Langosh, Lueilwitz And Lehner"
380,Wilkinson-Zboncak
381,Bahringer
382,"Moen, Koss And Paucek"
383,Romaguera-Gerhold
384,"Schaden, Homenick And Gutkowski"
385,Corkery-Corwin
386,Dietrich And Sons
387,Jaskolski-Ebert
388,Wisoky
389,Gulgowski-Spinka
390,Bahringer Group
391,Greenholt Inc
392,Quitzon Inc
393,"Harvey, Heathcote And Legros"
394,Raynor-Reichel
395,Hauck Group
396,Bahringer-Lehner
397,"Weissnat, Jaskolski And Bins"
398,Olson-Green
399,Jenkins-Ward
400,Morar-Schoen
401,Kuphal
402,Murray-Braun
403,Leffler-Durgan
404,Thiel
405,Little-Weber
406,Zboncak Inc
407,Feil-Reilly
408,"Reilly, Deckow And Frami"
409,Miller-Luettgen
410,Witting-Ernser
411,Conroy-Howe
412,"Frami, Christiansen And Hermann"
413,"Hane, Wyman And Rempel"
414,Schuster-Kub
415,Nienow
416,Schroeder-Hamill
417,Gusikowski-Emard
418,Leffler Group
419,"Schultz, Huel And Cormier"
420,África Digna
421,Weber Inc
422,"Mertz, Boyle And Franecki"
423,Gaylord-Torphy
424,Schultz Group
425,Rutherford-Becker
426,"Gleason, Stoltenberg And Anderson"
427,Hauck
428,"Mertz, Greenholt And Lind"
429,Hintz-Reilly
430,Kulas-Crist
431,Smitham-Hickle
432,Senger Group
433,Bradtke Inc
434,"Erdman, Rutherford And Cronin"
435,"Hegmann, Koelpin And Lindgren"
436,"Emmerich, Feil And Gorczany"
437,Rice-Price
438,"Doyle, Ernser And Pacocha"
439,Wuckert Group
440,Schiller-Reilly
441,"Mertz, Batz And Olson"
442,"Grady, Nicolas And Blick"
443,Eichmann-Streich
444,"Volkman, Hamill And Stiedemann"
445,"Mohr, Monahan And Hermiston"
446,Carter-Muller
447,"Halvorson, Mcclure And Skiles"
448,"Kutch, Rodriguez And Hettinger"
449,Abernathy
450,Wisozk-Goyette
451,Sanford And Sons
452,"Bashirian, Greenholt And Russel"
453,Gerlach-Leuschke
454,Wehner-Steuber
455,Hagenes-Gutmann
456,Champlin
457,Kunde-Lowe
458,Herman-Graham
459,"Steuber, Ferry And Williamson"
460,"Hane, Buckridge And Kuhn"
461,Hermiston And Sons
462,Swaniawski-Sawayn
463,"Kuhn, Reinger And Zulauf"
464,"Schiller, Ullrich And Willms"
465,Jakubowski
466,Jaskolski-Boyer
467,Bartoletti-Daniel
468,"Fisher, Cummings And Rowe"
469,Fritsch And Sons
470,Russel Group
471,Quitzon-Hand
472,"Nolan, Renner And Lesch"
473,Gaylord Inc
474,"Botsford, Breitenberg And Steuber"
475,"Schaefer, Bednar And Welch"
476,"Gutkowski, Kuhlman And Purdy"
477,"King, Stroman And Flatley"
478,Blanda-Gislason
479,"Mante, Bins And Crooks"
480,"Bernier, Shields And Mraz"
481,"Mann, Walsh And Dickinson"
482,"Baumbach, Reinger And Jaskolski"
483,"Spinka, Senger And Brakus"
484,Emard-Stroman
485,Nikolaus-Pfannerstill
486,"Upton, Boehm And Haag"
487,Feest-Graham
488,Runolfsdottir-Prosacco
489,Hermiston Group
490,Maggio-O'Keefe
491,Stiedemann-Wuckert
492,Williamson-Schmidt
493,Cruickshank-Schmitt
494,"Reichert, Mayer And Schmitt"
495,Gutkowski-Nikolaus
496,Jacobs Group
497,Dietrich-Roob
498,Gibson-Hills
499,"Gutkowski, Huel And Murazik"
500,Muller Inc
501,Homenick-Rowe
502,Hessel-Toy
503,"Raynor, Abernathy And Koch"
504,Keeling Group
505,Kreiger-Mccullough
506,Glover Group
507,Waters
508,Zulauf And Sons
509,Ryan
510,Runolfsson-Renner
511,Labadie And Sons
512,Steuber-Lang
513,Rowe-Fisher
514,"Feil, Lehner And Krajcik"
515,"Luettgen, Watsica And Kutch"
516,"Stiedemann, Willms And Fay"
517,"Wunsch, Barrows And Hoeger"
518,Afesip
519,"Schowalter, Johnson And Kerluke"
520,"Satterfield, Torp And O'Kon"
521,"Hickle, Mertz And Harris"
522,Kulas Inc
523,"Boyle, Weissnat And Blanda"
524,"Rice, Daniel And Klocko"
525,Jerde And Sons
526,Terry
527,"Sporer, Graham And Medhurst"
528,Simonis Inc
529,"Dickens, Pfeffer And Nienow"
530,Hamill-Rath
531,Wehner And Sons
532,Medhurst-Jones
533,Nikolaus-Mueller
534,"Leffler, Wisozk And Koelpin"
535,"Crooks, Mraz And Volkman"
536,Hoppe-Zboncak
537,D'Amore And Sons
538,Bergstrom Group
539,Waelchi-Borer
540,Effertz-Zboncak
541,"Botsford, Bechtelar And Conn"
542,"Hackett, Lockman And Littel"
543,Zulauf Group
544,"Schaden, Wehner And Price"
545,Cassin-Jerde
546,Walter-Littel
547,Brown
548,"Nienow, Harvey And Bartoletti"
549,"Heathcote, Schinner And Walker"
550,Kunze-Ernser
551,Schaden-Mitchell
552,"Kassulke, Hamill And Luettgen"
553,Heller-Rohan
554,Buckridge-Greenfelder
555,Jenkins And Sons
556,"Dubuque, Gaylord And Cole"
557,Renner-Erdman
558,Ritchie Group
559,Gleason
560,Walter Group
561,Ferry-Schuppe
562,Hodkiewicz
563,"Grimes, Leuschke And Huel"
564,Grady Group
565,Christiansen
566,Skiles-Schamberger
567,"Morissette, Christiansen And Collins"
568,"Turcotte, Stark And Hauck"
569,Zieme
570,Hills Inc
571,"Bosco, Heathcote And Ryan"
572,"Breitenberg, Kemmer And Schumm"
573,"Littel, Lynch And Lowe"
574,Dickens-Boyle
575,Langosh-Reilly
576,Hilll-Tromp
577,Cronin Inc
578,"Trantow, Schneider And Marvin"
579,Orn-Hilll
580,Franecki-Beahan
581,África Arco Iris
582,Abbott Group
583,Hickle Inc
584,Rippin-Torphy
585,Cremin-Jenkins
586,Collier
587,Strosin
588,"Goyette, Huels And Champlin"
589,King Group
590,Ziemann-Leuschke
591,Strosin-Barton
592,"Cronin, Gibson And Parisian"
593,"Veum, Ritchie And Crist"
594,"Macejkovic, Gusikowski And Keeling"
595,Will And Sons
596,Kertzmann-Kulas
597,Yost Inc
598,"Wisozk, Smitham And Wisoky"
599,"Orn, Conn And Jakubowski"
600,Leannon-Brekke
601,Ziemann-Trantow
602,Blick-Bartell
603,Dooley Group
604,"Conroy, Wisoky And Daniel"
605,"Zemlak, Cruickshank And Boehm"
606,Jacobson Group
607,Schowalter Group
608,Conroy
609,"Turner, Reynolds And Wolf"
610,"Waelchi, Dare And Rolfson"
611,Heaney-Harber
612,Marvin-Sipes
613,Oberbrunner
614,"Friesen, Friesen And Hodkiewicz"
615,Wisozk
616,O'Reilly Group
617,Cremin Inc
618,Considine-Weimann
619,Predovic-Graham
620,"Kilback, Frami And Abbott"
621,Ortiz-Weimann
622,"Lebsack, Borer And Sanford"
623,"Bartoletti, Macejkovic And Doyle"
624,Mitchell-Bosco
625,"Kihn, Orn And Farrell"
626,Kunde Inc
627,Conroy Group
628,Konopelski-Langosh
629,Glover-Nader
630,Wunsch Group
631,Ferry-Hessel
632,Gottlieb Inc
633,"Blick, Herman And Grady"
634,Murphy-Kunde
635,Aufderhar-Blick
636,Luettgen And Sons
637,Wisozk-Connelly
638,Haag-Stoltenberg
639,Johns Inc
640,Breitenberg
641,"Weimann, Armstrong And Luettgen"
642,"Becker, Deckow And O'Keefe"
643,King
644,Okuneva
645,King And Sons
646,Stoltenberg
647,"Ryan, Stark And Medhurst"
648,Moore-Reilly
649,"Medhurst, Thiel And Schuster"
650,Collins-Hermann
651,Hilll Group
652,"Stokes, Kilback And Boyle"
653,Hahn-Rohan
654,Koch
655,"Baumbach, Mccullough And Larson"
656,Senger Inc
657,Wehner-Jenkins
658,"Nolan, Reynolds And Waters"
659,"Walsh, Hettinger And Grimes"
660,"Littel, Bode And Dibbert"
661,Wiegand Group
662,"Hayes, Goodwin And Feil"
663,Mohr And Sons
664,Mills
665,Cremin And Sons
666,Hettinger
667,Langworth
668,Brakus Group
669,"O'Kon, Huels And Lubowitz"
670,Rohan Inc
671,África-Edusa
672,Marvin-Wolff
673,"Heller, Bradtke And Stoltenberg"
674,Schroeder-Wiza
675,"Collins, Murray And O'Reilly"
676,O'Hara
677,Breitenberg-Murphy
678,Becker And Sons
679,"Turner, Medhurst And Carroll"
680,Doyle-Powlowski
681,Jenkins-Dicki
682,"Johns, Kessler And Balistreri"
683,Connelly-Ruecker
684,Reichert-Hermiston
685,Strosin And Sons
686,Cummerata Group
687,"Dare, Hessel And Mckenzie"
688,"Jacobs, Hand And Powlowski"
689,Abshire Inc
690,"Lowe, Streich And Purdy"
691,Klein-Bartoletti
692,Cassin
693,"Wyman, Nicolas And Fahey"
694,"Becker, Haag And Hammes"
695,Cronin
696,Luettgen Group
697,Prohaska Inc
698,Collier-Anderson
699,"Cremin, Klocko And Thiel"
700,Farrell Group
701,"Wolf, West And Breitenberg"
702,Hilll
703,"Wiza, Price And Jaskolski"
704,Mueller-Simonis
705,"Bernier, Leuschke And Towne"
706,Watsica-Blanda
707,Yundt Group
708,O'Reilly-Hilll
709,Heaney Inc
710,Williamson-Watsica
711,Sanford
712,Rutherford Group
713,"Gusikowski, Luettgen And Cremin"
714,Goyette
715,Price-Shields
716,Rolfson And Sons
717,Price Inc
718,"Ratke, Swaniawski And Spinka"
719,Mcdermott
720,Ritchie And Sons
721,Rippin-Effertz
722,"Doyle, Mccullough And Friesen"
723,Mcdermott Inc
724,Hudson-Mayer
725,"Glover, Dickens And Russel"
726,Zieme-Langworth
727,Lesch And Sons
728,Bergstrom-O'Conner
729,Gleason And Sons
730,Davis Inc
731,Bode-Kutch
732,Afs Intercultura
733,"Toy, Hahn And King"
734,Zboncak-Kerluke
735,Gleichner And Sons
736,Langosh
737,Mclaughlin And Sons
738,Feest
739,"Lindgren, Padberg And Hand"
740,"Schultz, Keebler And Gorczany"
741,"Feil, Kemmer And Koch"
742,"Gleichner, Waelchi And Douglas"
743,Johnston And Sons
744,"Swift, Harris And Towne"
745,"Brakus, White And Mueller"
746,"Fay, Hyatt And Rolfson"
747,Mraz-Eichmann
748,"Bruen, Cruickshank And Blick"
749,Ziemann
750,Deckow-Nikolaus
751,Lueilwitz-Runolfsdottir
752,"Dooley, Lindgren And Kub"
753,Dietrich
754,Wisoky Group
755,Marvin-Corkery
756,Adca
757,"Mccullough, Luettgen And Brakus"
758,Champlin-Murphy
759,"Schmidt, Ryan And Jacobson"
760,"Maggio, Franecki And Batz"
761,Barrows-Dibbert
762,"Collins, Collier And Herman"
763,Erdman-Block
764,Corkery-Halvorson
765,"Goodwin, Cremin And Raynor"
766,Ritchie-Rath
767,Adama
768,Towne
769,Moore-O'Conner
770,Zemlak And Sons
771,Johns-Wolff
772,Sauer-Stoltenberg
773,Reichel Inc
774,Goldner-Klocko
775,Gutkowski-Schinner
776,Terry Inc
777,Renner Inc
778,África Viva
779,Thiel And Sons
780,"Champlin, Oberbrunner And Eichmann"
781,Schneider And Sons
782,"Bergstrom, Barrows And Shields"
783,"Carroll, Dubuque And Schultz"
784,"Herman, Luettgen And Balistreri"
785,Bernier-Stokes
786,Towne-Lehner
787,Osinski-Zemlak
788,"Trantow, Greenholt And Keebler"
789,"Kassulke, Morar And Crooks"
790,Roob-Jacobson
791,Erdman-Conn
792,"Kuvalis, Bauch And Schumm"
793,Bins Group
794,Acción Natura
795,Acción Familiar
796,Stracke Inc
797,Grant And Sons
798,"Kutch, Will And Grant"
799,Breitenberg And Sons
800,"Keeling, Kilback And Mcdermott"
801,Bosco And Sons
802,Daniel Inc
803,Padberg Group
804,Beahan-Kuhlman
805,Donnelly-Abbott
806,Macgyver-Hegmann
807,Mertz Group
808,Adams-Hickle
809,"Jacobson, Boyer And Gleichner"
810,Kuhic-Zboncak
811,Wolff-Greenholt
812,Mraz-Ratke
813,Aeal
814,Zieme Group
815,Bode-Nikolaus
816,Carroll-Moen
817,Kuvalis-Swift
818,O'Hara-Bergstrom
819,"Dietrich, Conn And Hand"
820,Grimes-Weber
821,Johnson-Hintz
822,Cronin-Jacobson
823,Ernser-Eichmann
824,"Labadie, Veum And Hammes"
825,Goldner-Botsford
826,"Schmidt, Reinger And Zulauf"
827,Hickle Group
828,Wisoky Inc
829,Kunze-Welch
830,"Kuvalis, Harris And Okuneva"
831,"Abshire, Crooks And Kassulke"
832,Kuhn-Herzog
833,Lakin-Bruen
834,"Hintz, Yost And Carter"
835,Eichmann-Fahey
836,Swaniawski-Kutch
837,"Okuneva, Vonrueden And Quigley"
838,Schuppe Group
839,Adem
840,"Hermann, Quigley And Heaney"
841,Weimann Inc
842,"Waters, Conroy And Dibbert"
843,Hauck-Lind
844,Miller
845,"Oberbrunner, Cremin And Gislason"
846,Adenex
847,Johnston-Spinka
848,Afro_Aid
849,"Konopelski, Schaefer And Feil"
850,O'Conner And Sons
851,Kozey Inc
852,Predovic Inc
853,Torp-Hintz
854,Wolf And Sons
855,"Stark, Langworth And Kovacek"
856,Cremin-Ondricka
857,Willms-Ondricka
858,Watsica Group
859,Cassin And Sons
860,Sanford-Kovacek
861,"Reinger, Keeling And Nienow"
862,"Kshlerin, Hahn And Gulgowski"
863,Schamberger-Walter
864,"Senger, Kemmer And Dickinson"
865,"Blick, Harber And Smith"
866,Macgyver Inc
867,Jaskolski Inc
868,Schimmel-Beatty
869,Langworth-Osinski
870,Aufderhar-Hettinger
871,Zemlak-Daniel
872,Hansen-Hills
873,"Rau, Ryan And Lueilwitz"
874,Lynch
875,"Haley, Bergstrom And Auer"
876,Sporer And Sons
877,Walsh-Doyle
878,Kub-Dibbert
879,"Johnson, Batz And Davis"
880,Schowalter-Senger
881,Braun-Bechtelar
882,Koelpin Group
883,"Tillman, Brakus And Padberg"
884,Aufderhar-Mitchell
885,"Emard, Zemlak And Beier"
886,Schmitt-Mckenzie
887,Weimann And Sons
888,"Jacobi, Spencer And Mayer"
889,Welch
890,"Volkman, Kulas And Hodkiewicz"
891,Buckridge Group
892,Jerde-Lowe
893,Keebler
894,Frami Group
895,Watsica-Morissette
896,Gottlieb
897,Swaniawski Group
898,Botsford-Romaguera
899,"Collins, Pacocha And Turcotte"
900,Carroll-Mcclure
901,Mcclure Group
902,"Roob, Windler And Weimann"
903,Reichert-Deckow
904,Batz Inc
905,"Cartwright, Gusikowski And Miller"
906,"Renner, Bogisich And O'Kon"
907,Schmidt-Schinner
908,"Skiles, Bauch And Rippin"
909,Grant-Schaden
910,Graham
911,"Feil, Shields And Gislason"
912,Jast Group
913,Hartmann And Sons
914,Bahringer-Johnston
915,Kilback
916,Prohaska-Brakus
917,O'Keefe-Dickinson
918,Hoppe-Wolf
919,Hahn And Sons
920,Rath-Quitzon
921,Nolan Group
922,Bahringer Inc
923,Harber-Blanda
924,"Williamson, Hermiston And Bauch"
925,Pollich-Treutel
926,"Thompson, Baumbach And Medhurst"
927,Bode
928,"Ferry, Stroman And Veum"
929,"Herzog, Grimes And Jast"
930,"Cassin, Kohler And Bauch"
931,"Wilderman, Dubuque And Quitzon"
932,Block Group
933,Stokes Inc
934,"Russel, Kemmer And Pacocha"
935,"Veum, Gislason And Morar"
936,Fay Inc
937,"Spinka, Schuster And Kerluke"
938,Dickinson-Swift
939,"Ratke, Connelly And Ward"
940,Sanford Inc
941,Treutel-Stamm
942,"Boehm, Mccullough And Cronin"
943,Hickle
944,Bechtelar-Wuckert
945,Goyette-Rau
946,Hermann
947,Howe-Kreiger
948,Corwin Group
949,Raynor And Sons
950,Deckow And Sons
951,Barrows Group
952,Wuckert
953,Wiegand
954,Bradtke-Walsh
955,Weissnat-Bergstrom
956,Sipes Group
957,Bednar-Crist
958,Senger-Bins
959,Weissnat Inc
960,Schimmel-Murray
961,Shields Group
962,"King, Gusikowski And Mosciski"
963,Cassin Group
964,Klocko Group
965,Boehm-Conroy
966,Vonrueden-Miller
967,Shields-Kuhlman
968,Hayes-O'Reilly
969,Mraz Group
970,Berge
971,Huels
972,"Dibbert, Mckenzie And Cronin"
973,Barton-Connelly
974,"Pouros, Koch And Wiza"
975,Paucek
976,Waelchi-Bashirian
977,Lesch-Homenick
978,Watsica Inc
979,"Hoeger, Zboncak And Hammes"
980,Bins-Goldner
981,"Crona, Schmeler And Greenfelder"
982,D'Amore-Kuhlman
983,Rath Group
984,"Blanda, Stanton And Altenwerth"
985,Dubuque And Sons
986,"Dare, O'Conner And Mohr"
987,Runolfsdottir-Emard
988,Kovacek-Swift
989,"Miller, Senger And Kertzmann"
990,Keebler-Stark
991,Russel
992,"Little, Heller And Lubowitz"
993,"Bruen, Macgyver And Deckow"
994,Auer-Ryan
995,"Erdman, Graham And Yost"
996,"Jacobs, Braun And Schimmel"
997,Aufderhar
998,"Williamson, Lindgren And Cummerata"
999,Gusikowski-Bechtelar
1000,"Mckenzie, Paucek And Jaskolski"
